Year,Make,Price
1930,Ford,"$47,995"
1931,Ford,"$59,995"
1932,Ford,"$94,995"
1932,Ford,"$49,995"
1941,Ford,"$57,995"
1949,Cadillac,"$159,995"
1949,Chevrolet,"$104,995"
1949,Chevrolet,"$67,995"
1949,Ford,"$47,995"
1951,Chevrolet,"$49,995"
1951,Mercury,"$99,995"
1953,Chevrolet,"$49,995"
1954,Lincoln,"$57,995"
1955,Chevrolet,"$104,995"
1955,Chevrolet,"$104,995"
1955,Chevrolet,"$63,995"
1955,Chevrolet,"$113,995"
1957,Chevrolet,"$149,995"
1958,Chevrolet,"$61,995"
1960,Willys,"$49,995"
1961,Chevrolet,"$132,995"
1961,Lincoln,"$89,995"
1961,Studebaker,"$57,995"
1962,Chevrolet,"$189,995"
1963,Chevrolet,"$188,995"
1963,Chevrolet,"$56,995"
1964,Avanti,"$74,995"
1964,Pontiac,"$92,995"
1965,Chevrolet,"$61,995"
1965,Chevrolet,"$49,995"
1965,Shelby,"$69,995"
1965,Shelby,"$76,995"
1965,Shelby,"$60,995"
1966,Chevrolet,"$84,995"
1966,Dodge,"$69,995"
1966,Ford,"$134,995"
1966,Ford,"$71,995"
1966,Ford,"$44,995"
1967,Chevrolet,"$94,995"
1967,Chevrolet,"$85,995"
1967,Chevrolet,"$75,995"
1967,Ford,"$44,995"
1967,Ford,"$349,995"
1967,Shelby,"$59,995"
1968,Chevrolet,"$65,995"
1968,Chevrolet,"$79,995"
1968,Chevrolet,"$64,995"
1969,Chevrolet,"$103,995"
1969,Chevrolet,"$104,995"
1969,Chevrolet,"$66,995"
1969,Ford,"$98,995"
1969,Volkswagen,"$27,995"
1970,Chevrolet,"$69,995"
1970,Chevrolet,"$74,995"
1970,Chevrolet,"$44,995"
1971,Chevrolet,"$54,995"
1972,Chevrolet,"$64,995"
1973,Ford,"$116,995"
1974,Plymouth,"$42,995"
1975,Pontiac,"$61,995"
1976,Chevrolet,"$70,995"
1978,Chevrolet,"$66,995"
1978,Chevrolet,"$66,995"
1978,Toyota,"$64,995"
1981,Ferrari,"$78,995"
1985,Chevrolet,"$34,995"
1985,Pontiac,"$22,995"
1986,Chevrolet,"$59,995"
1986,Chevrolet,"$44,995"
1987,Chevrolet,"$47,995"
1989,Pontiac,"$27,995"
1993,Chevrolet,"$36,995"
1994,Nissan,"$39,995"
1996,Dodge,"$96,995"
1999,Chevrolet,"$76,995"
2000,Chevrolet,"$24,995"
2000,Pontiac,"$44,995"
2001,Chevrolet,"$26,995"
2003,Chevrolet,"$49,995"
2006,Lotus,"$74,995"
2006,Pontiac,"$57,995"
2013,Porsche,"$95,995"
2015,Chevrolet,"$118,995"
2015,Ford,"$54,995"
2017,Jeep,"$142,995"
2018,Ford,"$74,995"
2021,Ford,"$113,995"
2022,Jeep,"$159,995"
1922,Chevrolet,"$15,995"
1923,Ford,"$21,995"
1923,Ford,"$28,995"
1923,Ford,"$26,995"
1923,Ford,"$29,995"
1923,Ford,"$23,995"
1923,Ford,"$19,995"
1923,Ford,"$27,995"
1923,Willys-Overland,"$17,995"
1924,Ford,"$20,995"
1925,Dodge Brothers,"$26,995"
1925,Ford,"$29,995"
1925,Willys-Overland,"$35,995"
1927,Ford,"$37,995"
1927,Ford,"$23,995"
1927,Ford,"$26,995"
1927,Ford,"$29,995"
1927,Ford,"$25,995"
1928,Ford,"$43,995"
1928,Ford,"$19,995"
1928,Packard,"$39,995"
1928,Pierce-Arrow,"$38,995"
1929,Chevrolet,"$16,995"
1929,Ford,"$35,995"
1929,Ford,"$29,995"
1929,Ford,"$26,995"
1929,Ford,"$44,996"
1929,Ford,"$21,995"
1929,Ford,"$31,995"
1929,Ford,"$39,995"
1929,Mercedes-Benz,"$19,995"
1930,Ford,"$49,995"
1930,Ford,"$27,995"
1930,Ford,"$54,995"
1930,Ford,"$22,995"
1931,Chevrolet,"$23,995"
1931,Ford,"$51,995"
1931,Ford,"$54,995"
1931,Ford,"$54,995"
1931,Ford,"$39,995"
1931,Ford,"$20,995"
1931,Plymouth,"$29,995"
1932,Buick,"$57,995"
1932,Chevrolet,"$36,995"
1932,Ford,"$56,995"
1932,Ford,"$46,995"
1932,Ford,"$49,995"
1932,Ford,"$85,995"
1932,Ford,"$62,995"
1932,Ford,"$44,995"
1932,Ford,"$67,995"
1932,Ford,"$39,995"
1932,Ford,"$44,995"
1932,Ford,"$34,995"
1932,Ford,"$51,995"
1933,Chevrolet,"$39,995"
1933,Ford,"$102,995"
1933,Ford,"$49,995"
1933,Ford,"$19,995"
1933,Ford,"$49,995"
1933,Ford,"$44,995"
1933,Ford,"$58,995"
1933,Ford,"$35,995"
1933,Pontiac,"$34,995"
1934,Chevrolet,"$36,995"
1934,Chevrolet,"$46,995"
1934,Chevrolet,"$62,995"
1934,Ford,"$65,995"
1934,Ford,"$56,995"
1935,Buick,"$16,995"
1936,Chevrolet,"$44,995"
1936,Ford,"$58,995"
1936,Ford,"$27,995"
1937,Chevrolet,"$59,995"
1937,Chevrolet,"$41,995"
1937,Chevrolet,"$26,995"
1937,Ford,"$75,995"
1937,Ford,"$41,995"
1937,Ford,"$62,995"
1937,Ford,"$59,995"
1938,Chevrolet,"$99,995"
1938,Chevrolet,"$44,995"
1938,Chevrolet,"$56,995"
1938,Ford,"$24,995"
1939,Cadillac,"$24,995"
1939,Chevrolet,"$36,995"
1939,Ford,"$47,995"
1939,Ford,"$39,995"
1940,Chevrolet,"$24,995"
1940,Chevrolet,"$42,995"
1940,Chevrolet,"$28,995"
1940,Chevrolet,"$37,995"
1940,Chevrolet,"$29,995"
1940,Ford,"$36,995"
1940,Ford,"$51,995"
1940,Ford,"$41,995"
1940,Ford,"$37,995"
1940,Ford,"$20,995"
1940,Ford,"$38,996"
1940,LaSalle,"$33,995"
1940,Lincoln,"$52,995"
1940,Mercury,"$53,995"
1940,Packard,"$80,995"
1941,Buick,"$48,995"
1941,Cadillac,"$33,995"
1941,Chevrolet,"$36,995"
1941,Chevrolet,"$43,995"
1941,Ford,"$28,995"
1941,Ford,"$139,995"
1941,Lincoln,"$29,995"
1941,Lincoln,"$47,995"
1941,Willys,"$77,995"
1941,Willys,"$66,995"
1941,Willys,"$194,995"
1941,Willys,"$29,995"
1942,Ford,"$57,995"
1946,Chevrolet,"$36,995"
1946,Chevrolet,"$59,995"
1946,Chevrolet,"$43,995"
1946,Dodge,"$31,995"
1946,Ford,"$39,995"
1946,Ford,"$33,995"
1946,Ford,"$39,995"
1947,Cadillac,"$58,995"
1947,Chevrolet,"$28,995"
1947,Chevrolet,"$39,995"
1947,Dodge,"$14,995"
1947,Dodge,"$19,995"
1947,Ford,"$37,995"
1947,Lincoln,"$29,995"
1947,Oldsmobile,"$44,995"
1948,Cadillac,"$18,995"
1948,Cadillac,"$28,995"
1948,Fiat,"$74,995"
1948,Ford,"$34,995"
1948,GMC,"$42,995"
1948,Lincoln,"$24,995"
1948,Willys,"$27,995"
1948,Willys,"$24,995"
1949,Ford,"$29,995"
1949,Ford,"$53,995"
1949,Ford,"$67,995"
1949,Mercury,"$44,995"
1949,Mercury,"$74,995"
1949,Studebaker,"$19,995"
1950,Chevrolet,"$57,995"
1950,Ford,"$27,995"
1950,Ford,"$34,995"
1950,Ford,"$34,995"
1950,Ford,"$27,995"
1950,Ford,"$27,995"
1950,Ford,"$47,995"
1950,Mercury,"$47,995"
1950,Plymouth,"$14,995"
1950,Willys,"$28,995"
1951,Chevrolet,"$34,995"
1951,Chevrolet,"$49,995"
1951,Chevrolet,"$39,995"
1951,Chevrolet,"$26,995"
1951,Chevrolet,"$29,995"
1951,Ford,"$81,995"
1951,Ford,"$56,995"
1951,Ford,"$45,995"
1951,Ford,"$46,995"
1951,Ford,"$31,995"
1951,Ford,"$79,995"
1951,Mercury,"$54,995"
1951,Mercury,"$64,995"
1951,MG,"$27,995"
1951,Plymouth,"$32,995"
1951,Willys,"$19,995"
1952,Chevrolet,"$40,995"
1952,International,"$43,995"
1952,Kurtis Kraft,"$16,995"
1952,Lincoln,"$48,995"
1952,MG,"$28,995"
1952,MG,"$16,995"
1952,Oldsmobile,"$16,995"
1952,Studebaker,"$22,995"
1953,Chevrolet,"$37,995"
1953,Chevrolet,"$52,995"
1953,Chevrolet,"$29,995"
1953,Chevrolet,"$18,995"
1953,Chevrolet,"$45,995"
1953,Chrysler,"$42,995"
1953,Fiat,"$17,995"
1953,Ford,"$34,995"
1953,Ford,"$28,995"
1953,Ford,"$17,995"
1953,Ford,"$44,995"
1953,Ford,"$29,995"
1953,Ford,"$14,995"
1953,International,"$31,995"
1953,Studebaker,"$65,995"
1954,Chevrolet,"$42,995"
1954,Chevrolet,"$47,995"
1954,Chevrolet,"$29,995"
1954,Chevrolet,"$52,995"
1954,Chevrolet,"$52,995"
1954,Chevrolet,"$37,995"
1954,Chevrolet,"$33,995"
1954,Chevrolet,"$43,995"
1954,Ford,"$37,995"
1954,Ford,"$57,995"
1954,GMC,"$29,995"
1954,MG,"$63,995"
1954,Studebaker,"$33,995"
1954,Willys,"$34,995"
1955,Buick,"$26,995"
1955,Chevrolet,"$57,995"
1955,Chevrolet,"$47,995"
1955,Chevrolet,"$39,995"
1955,Chevrolet,"$89,995"
1955,Chevrolet,"$72,995"
1955,Chevrolet,"$33,995"
1955,Chevrolet,"$62,995"
1955,Chevrolet,"$64,995"
1955,Chevrolet,"$84,995"
1955,Chevrolet,"$28,995"
1955,Chevrolet,"$52,995"
1955,Chevrolet,"$84,995"
1955,Chevrolet,"$119,995"
1955,Chevrolet,"$76,995"
1955,Dodge,"$29,995"
1955,Dodge,"$28,995"
1955,Ford,"$39,995"
1955,Ford,"$28,995"
1955,Ford,"$32,995"
1955,Ford,"$52,995"
1955,Ford,"$29,995"
1955,Ford,"$42,995"
1955,Ford,"$41,995"
1955,Ford,"$19,995"
1955,GMC,"$35,995"
1955,Lincoln,"$33,995"
1955,Oldsmobile,"$32,995"
1955,Plymouth,"$28,995"
1955,Studebaker,"$17,995"
1956,Buick,"$18,995"
1956,Chevrolet,"$47,995"
1956,Chevrolet,"$52,995"
1956,Chevrolet,"$99,995"
1956,Chevrolet,"$89,995"
1956,Chevrolet,"$49,995"
1956,Chevrolet,"$59,995"
1956,Chevrolet,"$57,995"
1956,Chevrolet,"$74,995"
1956,Dodge,"$34,995"
1956,Ford,"$35,995"
1956,Ford,"$38,995"
1956,Ford,"$32,995"
1956,Ford,"$94,995"
1956,Ford,"$58,995"
1956,Ford,"$32,995"
1956,Ford,"$23,995"
1956,Ford,"$19,995"
1956,Ford,"$33,995"
1956,Ford,"$49,995"
1956,Ford,"$19,995"
1956,Ford,"$38,995"
1956,Ford,"$62,995"
1956,Ford,"$41,995"
1956,Ford,"$49,995"
1956,Lincoln,"$59,995"
1956,Mercury,"$29,995"
1956,Oldsmobile,"$38,995"
1956,Oldsmobile,"$26,995"
1956,Oldsmobile,"$45,995"
1956,Pontiac,"$59,995"
1956,Volkswagen,"$28,995"
1956,Willys,"$19,995"
1957,Chevrolet,"$31,995"
1957,Chevrolet,"$39,995"
1957,Chevrolet,"$75,995"
1957,Chevrolet,"$29,995"
1957,Chevrolet,"$31,995"
1957,Chevrolet,"$31,995"
1957,Chevrolet,"$108,995"
1957,Chevrolet,"$97,995"
1957,Chevrolet,"$64,995"
1957,Chevrolet,"$49,995"
1957,Chevrolet,"$49,995"
1957,Chevrolet,"$62,995"
1957,Chevrolet,"$79,995"
1957,Chevrolet,"$74,995"
1957,Chevrolet,"$79,995"
1957,Chevrolet,"$118,995"
1957,Chevrolet,"$154,995"
1957,Chevrolet,"$81,995"
1957,Chevrolet,"$29,995"
1957,Ford,"$36,995"
1957,Ford,"$29,995"
1957,Ford,"$36,995"
1957,Ford,"$37,995"
1957,Ford,"$34,995"
1957,Ford,"$61,995"
1957,Ford,"$51,995"
1957,Ford,"$45,995"
1957,Ford,"$32,995"
1957,Ford,"$39,995"
1957,Ford,"$38,995"
1957,Ford,"$49,995"
1957,Ford,"$49,995"
1957,Ford,"$45,995"
1957,Ford,"$42,995"
1957,Ford,"$43,995"
1957,Ford,"$19,995"
1957,MG,"$49,995"
1957,Nash,"$16,995"
1957,Pontiac,"$58,995"
1957,Willys,"$38,995"
1958,Chevrolet,"$36,995"
1958,Chevrolet,"$29,995"
1958,Chevrolet,"$27,995"
1958,Chevrolet,"$43,995"
1958,Chevrolet,"$53,996"
1958,Chevrolet,"$62,995"
1958,Chevrolet,"$59,995"
1958,Chevrolet,"$36,995"
1958,Ford,"$74,995"
1958,Ford,"$24,995"
1959,Chevrolet,"$42,995"
1959,Dodge,"$54,995"
1959,Ford,"$21,995"
1959,Volkswagen,"$16,995"
1960,Austin Healey,"$31,995"
1960,Chevrolet,"$64,995"
1960,Chevrolet,"$122,995"
1960,Chevrolet,"$93,995"
1960,Chevrolet,"$30,995"
1960,Dodge,"$31,995"
1960,Ford,"$29,995"
1960,Morris,"$27,995"
1960,Pontiac,"$59,995"
1961,Chevrolet,"$20,995"
1961,Chevrolet,"$84,995"
1961,Ford,"$79,995"
1961,Nash,"$24,995"
1961,Pontiac,"$44,995"
1961,Toyota,"$24,995"
1961,Toyota,"$23,995"
1961,Volkswagen,"$23,995"
1962,Austin Healey,"$52,995"
1962,Chevrolet,"$69,995"
1962,Chevrolet,"$37,995"
1962,Chevrolet,"$44,995"
1962,Chevrolet,"$49,995"
1962,Chevrolet,"$34,995"
1962,Chevrolet,"$66,995"
1962,Chrysler,"$34,995"
1962,Dodge,"$71,995"
1962,Ford,"$25,995"
1962,Ford,"$52,995"
1962,Ford,"$22,995"
1962,Ford,"$41,995"
1962,Ford,"$22,995"
1962,Ford,"$32,995"
1962,Grumman,"$96,995"
1962,Oldsmobile,"$24,995"
1962,Plymouth,"$32,995"
1962,Pontiac,"$39,995"
1962,Porsche,"$89,995"
1963,Austin Healey,"$23,995"
1963,Buick,"$23,995"
1963,Chevrolet,"$64,995"
1963,Chevrolet,"$41,995"
1963,Chevrolet,"$44,995"
1963,Chevrolet,"$32,995"
1963,Chevrolet,"$31,995"
1963,Chevrolet,"$14,995"
1963,Chevrolet,"$43,995"
1963,Ford,"$44,995"
1963,Ford,"$33,995"
1963,Ford,"$31,995"
1963,Ford,"$33,995"
1963,Ford,"$41,995"
1963,GMC,"$37,995"
1963,Pontiac,"$42,995"
1963,Volkswagen,"$22,995"
1964,AMC,"$52,995"
1964,Buick,"$22,995"
1964,Buick,"$32,995"
1964,Buick,"$31,995"
1964,Chevrolet,"$44,995"
1964,Chevrolet,"$27,995"
1964,Chevrolet,"$52,995"
1964,Chevrolet,"$25,995"
1964,Chevrolet,"$44,995"
1964,Chevrolet,"$66,995"
1964,Chevrolet,"$69,995"
1964,Chevrolet,"$35,995"
1964,Chevrolet,"$79,995"
1964,Dodge,"$59,995"
1964,Dodge,"$34,995"
1964,Dodge,"$24,995"
1964,Dodge,"$29,995"
1964,Ford,"$34,995"
1964,Ford,"$22,995"
1964,Ford,"$20,995"
1964,Ford,"$57,995"
1964,Ford,"$24,995"
1964,Ford,"$34,995"
1964,Ford,"$31,995"
1964,Mercury,"$24,995"
1964,Oldsmobile,"$24,995"
1964,Plymouth,"$43,995"
1964,Plymouth,"$61,995"
1964,Pontiac,"$51,995"
1964,Pontiac,"$83,995"
1964,Pontiac,"$39,995"
1964 1/2,Ford,"$39,995"
1964 1/2,Ford,"$54,995"
1965,Buick,"$28,995"
1965,Chevrolet,"$35,995"
1965,Chevrolet,"$34,995"
1965,Chevrolet,"$34,995"
1965,Chevrolet,"$36,995"
1965,Chevrolet,"$39,995"
1965,Chevrolet,"$44,995"
1965,Chevrolet,"$49,995"
1965,Chevrolet,"$63,995"
1965,Chevrolet,"$47,995"
1965,Chevrolet,"$33,995"
1965,Chevrolet,"$22,995"
1965,Chevrolet,"$27,995"
1965,Chevrolet,"$36,995"
1965,Ford,"$19,995"
1965,Ford,"$22,995"
1965,Ford,"$32,995"
1965,Ford,"$22,995"
1965,Ford,"$45,995"
1965,Ford,"$60,995"
1965,Ford,"$33,995"
1965,Ford,"$65,995"
1965,Ford,"$28,995"
1965,Ford,"$28,995"
1965,Ford,"$33,995"
1965,Ford,"$27,995"
1965,Ford,"$37,995"
1965,Ford,"$26,995"
1965,Ford,"$31,995"
1965,Ford,"$32,995"
1965,Ford,"$31,995"
1965,Ford,"$52,995"
1965,Ford,"$34,995"
1965,Ford,"$44,995"
1965,Ford,"$31,995"
1965,Ford,"$28,995"
1965,Ford,"$44,995"
1965,Ford,"$34,995"
1965,Ford,"$32,995"
1965,Ford,"$87,995"
1965,Ford,"$69,995"
1965,Ford,"$32,995"
1965,Ford,"$46,995"
1965,Ford,"$31,995"
1965,Mercury,"$25,995"
1965,Mercury,"$39,995"
1965,Oldsmobile,"$27,995"
1965,Oldsmobile,"$39,995"
1965,Plymouth,"$17,995"
1965,Pontiac,"$62,995"
1965,Pontiac,"$37,995"
1965,Pontiac,"$49,995"
1965,Shelby,"$113,995"
1965,Shelby,"$66,995"
1965,Shelby,"$49,995"
1965,Shelby,"$59,995"
1965,Shelby,"$39,995"
1965,Shelby,"$67,995"
1965,Shelby,"$54,995"
1965,Shelby,"$99,995"
1965,Volkswagen,"$18,995"
1966,Buick,"$42,995"
1966,Buick,"$41,995"
1966,Cadillac,"$19,995"
1966,Chevrolet,"$37,995"
1966,Chevrolet,"$51,995"
1966,Chevrolet,"$35,995"
1966,Chevrolet,"$59,995"
1966,Chevrolet,"$39,995"
1966,Chevrolet,"$82,995"
1966,Chevrolet,"$34,995"
1966,Chevrolet,"$44,995"
1966,Chevrolet,"$58,995"
1966,Chevrolet,"$62,995"
1966,Chevrolet,"$24,995"
1966,Chevrolet,"$56,995"
1966,Chevrolet,"$64,995"
1966,Chevrolet,"$45,995"
1966,Chevrolet,"$26,995"
1966,Chevrolet,"$86,995"
1966,Chevrolet,"$69,995"
1966,Chevrolet,"$66,995"
1966,Chevrolet,"$109,995"
1966,Chevrolet,"$29,995"
1966,Chevrolet,"$39,995"
1966,Chevrolet,"$64,995"
1966,Chevrolet,"$72,995"
1966,Chevrolet,"$46,995"
1966,Chevrolet,"$53,995"
1966,Chevrolet,"$93,995"
1966,Ford,"$37,995"
1966,Ford,"$164,995"
1966,Ford,"$27,995"
1966,Ford,"$88,995"
1966,Ford,"$38,995"
1966,Ford,"$26,995"
1966,Ford,"$36,995"
1966,Ford,"$26,995"
1966,Ford,"$26,995"
1966,Ford,"$29,995"
1966,Ford,"$34,995"
1966,Ford,"$54,995"
1966,Ford,"$51,995"
1966,Ford,"$58,995"
1966,Ford,"$42,995"
1966,Ford,"$29,995"
1966,Ford,"$29,995"
1966,Ford,"$42,995"
1966,Ford,"$23,995"
1966,Ford,"$81,995"
1966,Ford,"$44,995"
1966,Ford,"$41,995"
1966,Ford,"$49,995"
1966,Ford,"$54,995"
1966,Ford,"$42,995"
1966,Ford,"$29,995"
1966,Ford,"$42,995"
1966,Ford,"$28,995"
1966,Ford,"$16,995"
1966,Ford,"$35,995"
1966,Ford,"$19,995"
1966,Mercedes-Benz,"$29,995"
1966,Oldsmobile,"$68,995"
1966,Oldsmobile,"$29,995"
1966,Plymouth,"$41,995"
1966,Shelby,"$59,995"
1966,Sunbeam,"$124,995"
1966,Sunbeam,"$59,995"
1966,Volkswagen,"$22,995"
1967,Austin Healey,"$59,995"
1967,Cadillac,"$29,995"
1967,Cadillac,"$38,995"
1967,Chevrolet,"$45,995"
1967,Chevrolet,"$52,995"
1967,Chevrolet,"$94,995"
1967,Chevrolet,"$27,995"
1967,Chevrolet,"$31,995"
1967,Chevrolet,"$49,995"
1967,Chevrolet,"$48,995"
1967,Chevrolet,"$55,995"
1967,Chevrolet,"$52,995"
1967,Chevrolet,"$58,995"
1967,Chevrolet,"$44,995"
1967,Chevrolet,"$54,995"
1967,Chevrolet,"$56,995"
1967,Chevrolet,"$69,995"
1967,Chevrolet,"$52,995"
1967,Chevrolet,"$59,995"
1967,Chevrolet,"$69,995"
1967,Chevrolet,"$64,995"
1967,Chevrolet,"$66,995"
1967,Chevrolet,"$51,995"
1967,Chevrolet,"$56,995"
1967,Chevrolet,"$59,995"
1967,Chevrolet,"$53,995"
1967,Chevrolet,"$54,995"
1967,Chevrolet,"$57,995"
1967,Chevrolet,"$41,995"
1967,Chevrolet,"$61,995"
1967,Chevrolet,"$89,995"
1967,Chevrolet,"$72,995"
1967,Chevrolet,"$72,995"
1967,Chevrolet,"$59,995"
1967,Chevrolet,"$65,995"
1967,Chevrolet,"$59,995"
1967,Chevrolet,"$68,995"
1967,Chevrolet,"$59,995"
1967,Chevrolet,"$114,995"
1967,Chevrolet,"$82,995"
1967,Chevrolet,"$148,995"
1967,Chevrolet,"$24,995"
1967,Chevrolet,"$24,995"
1967,Chevrolet,"$29,995"
1967,Chevrolet,"$84,995"
1967,Chevrolet,"$61,995"
1967,Chevrolet,"$41,995"
1967,Chevrolet,"$76,995"
1967,Chevrolet,"$48,995"
1967,Chevrolet,"$44,995"
1967,Dodge,"$34,995"
1967,Dodge,"$34,995"
1967,Ford,"$17,995"
1967,Ford,"$32,995"
1967,Ford,"$44,995"
1967,Ford,"$18,995"
1967,Ford,"$31,995"
1967,Ford,"$31,995"
1967,Ford,"$35,995"
1967,Ford,"$39,995"
1967,Ford,"$39,995"
1967,Ford,"$72,995"
1967,Ford,"$38,995"
1967,GMC,"$43,995"
1967,Oldsmobile,"$34,995"
1967,Oldsmobile,"$17,995"
1967,Plymouth,"$77,995"
1967,Pontiac,"$41,995"
1967,Pontiac,"$74,995"
1967,Pontiac,"$54,995"
1967,Sunbeam,"$114,995"
1967,Volkswagen,"$18,995"
1967,Volkswagen,"$24,995"
1968,AMC,"$32,995"
1968,Cadillac,"$37,995"
1968,Cadillac,"$19,995"
1968,Chevrolet,"$48,995"
1968,Chevrolet,"$24,995"
1968,Chevrolet,"$49,995"
1968,Chevrolet,"$59,995"
1968,Chevrolet,"$44,995"
1968,Chevrolet,"$77,995"
1968,Chevrolet,"$99,995"
1968,Chevrolet,"$64,995"
1968,Chevrolet,"$55,995"
1968,Chevrolet,"$44,995"
1968,Chevrolet,"$46,995"
1968,Chevrolet,"$57,995"
1968,Chevrolet,"$69,995"
1968,Chevrolet,"$64,995"
1968,Chevrolet,"$36,995"
1968,Chevrolet,"$54,995"
1968,Chevrolet,"$59,995"
1968,Chevrolet,"$42,995"
1968,Chevrolet,"$64,995"
1968,Chevrolet,"$34,995"
1968,Chevrolet,"$38,995"
1968,Chevrolet,"$27,995"
1968,Chevrolet,"$51,995"
1968,Chevrolet,"$37,995"
1968,Chevrolet,"$74,995"
1968,Chrysler,"$18,995"
1968,Dodge,"$124,995"
1968,Dodge,"$128,995"
1968,Ford,"$125,995"
1968,Ford,"$44,995"
1968,Ford,"$51,995"
1968,Ford,"$34,995"
1968,Ford,"$27,995"
1968,Ford,"$67,995"
1968,Ford,"$35,995"
1968,Ford,"$184,995"
1968,Jeep,"$21,995"
1968,Jeep,"$89,995"
1968,Mercury,"$26,995"
1968,Oldsmobile,"$19,995"
1968,Plymouth,"$67,995"
1968,Pontiac,"$44,995"
1968,Pontiac,"$65,995"
1968,Toyota,"$26,995"
1968,Volkswagen,"$13,995"
1968,Volkswagen,"$14,995"
1968,Volkswagen,"$13,995"
1968,Volkswagen,"$16,995"
1969,AMC,"$41,995"
1969,Buick,"$52,995"
1969,Buick,"$22,995"
1969,Buick,"$29,995"
1969,Cadillac,"$33,995"
1969,Cadillac,"$22,995"
1969,Chevrolet,"$76,995"
1969,Chevrolet,"$19,995"
1969,Chevrolet,"$27,995"
1969,Chevrolet,"$29,995"
1969,Chevrolet,"$54,995"
1969,Chevrolet,"$64,995"
1969,Chevrolet,"$53,995"
1969,Chevrolet,"$58,995"
1969,Chevrolet,"$69,995"
1969,Chevrolet,"$81,995"
1969,Chevrolet,"$76,995"
1969,Chevrolet,"$96,995"
1969,Chevrolet,"$69,995"
1969,Chevrolet,"$68,995"
1969,Chevrolet,"$71,995"
1969,Chevrolet,"$69,995"
1969,Chevrolet,"$68,995"
1969,Chevrolet,"$57,995"
1969,Chevrolet,"$66,995"
1969,Chevrolet,"$51,995"
1969,Chevrolet,"$62,995"
1969,Chevrolet,"$63,995"
1969,Chevrolet,"$59,995"
1969,Chevrolet,"$63,995"
1969,Chevrolet,"$47,995"
1969,Chevrolet,"$46,995"
1969,Chevrolet,"$57,995"
1969,Chevrolet,"$48,995"
1969,Chevrolet,"$76,995"
1969,Chevrolet,"$94,995"
1969,Chevrolet,"$95,995"
1969,Chevrolet,"$129,995"
1969,Chevrolet,"$69,995"
1969,Chevrolet,"$49,995"
1969,Chevrolet,"$49,995"
1969,Chevrolet,"$87,995"
1969,Chevrolet,"$47,995"
1969,Chevrolet,"$72,995"
1969,Chevrolet,"$48,995"
1969,Chevrolet,"$66,995"
1969,Chevrolet,"$51,995"
1969,Chevrolet,"$64,995"
1969,Chevrolet,"$54,995"
1969,Chevrolet,"$74,995"
1969,Chevrolet,"$49,995"
1969,Chevrolet,"$59,995"
1969,Chevrolet,"$28,995"
1969,Chevrolet,"$39,995"
1969,Chevrolet,"$54,995"
1969,Chevrolet,"$27,995"
1969,Chevrolet,"$34,995"
1969,Chevrolet,"$49,995"
1969,Chevrolet,"$37,995"
1969,Ford,"$41,995"
1969,Ford,"$37,995"
1969,Ford,"$86,995"
1969,Ford,"$44,995"
1969,Ford,"$69,995"
1969,Ford,"$57,995"
1969,Ford,"$41,995"
1969,GMC,"$46,995"
1969,Oldsmobile,"$47,995"
1969,Oldsmobile,"$36,995"
1969,Plymouth,"$63,995"
1969,Pontiac,"$33,995"
1969,Pontiac,"$49,995"
1969,Volkswagen,"$17,995"
1970,AMC,"$36,995"
1970,Buick,"$54,995"
1970,Buick,"$59,995"
1970,Chevrolet,"$34,995"
1970,Chevrolet,"$38,995"
1970,Chevrolet,"$39,995"
1970,Chevrolet,"$34,995"
1970,Chevrolet,"$39,995"
1970,Chevrolet,"$78,995"
1970,Chevrolet,"$49,995"
1970,Chevrolet,"$41,995"
1970,Chevrolet,"$79,995"
1970,Chevrolet,"$82,995"
1970,Chevrolet,"$76,995"
1970,Chevrolet,"$59,995"
1970,Chevrolet,"$74,995"
1970,Chevrolet,"$61,995"
1970,Chevrolet,"$57,995"
1970,Chevrolet,"$64,995"
1970,Chevrolet,"$64,995"
1970,Chevrolet,"$59,995"
1970,Chevrolet,"$69,995"
1970,Chevrolet,"$72,995"
1970,Chevrolet,"$64,995"
1970,Chevrolet,"$57,995"
1970,Chevrolet,"$62,995"
1970,Chevrolet,"$54,995"
1970,Chevrolet,"$31,995"
1970,Chevrolet,"$42,995"
1970,Chevrolet,"$39,995"
1970,Chevrolet,"$29,995"
1970,Chevrolet,"$64,995"
1970,Chevrolet,"$59,995"
1970,Chevrolet,"$36,995"
1970,Chevrolet,"$38,995"
1970,Chevrolet,"$49,995"
1970,Chevrolet,"$58,995"
1970,Chevrolet,"$57,995"
1970,Chevrolet,"$44,995"
1970,Chevrolet,"$47,995"
1970,Chevrolet,"$41,995"
1970,Chevrolet,"$41,995"
1970,Chevrolet,"$38,995"
1970,Dodge,"$72,995"
1970,Dodge,"$96,995"
1970,Ford,"$28,995"
1970,Ford,"$31,995"
1970,Ford,"$44,995"
1970,Ford,"$34,995"
1970,Ford,"$39,995"
1970,Ford,"$49,995"
1970,Ford,"$39,995"
1970,GMC,"$23,995"
1970,Land Rover,"$33,995"
1970,Oldsmobile,"$29,995"
1970,Oldsmobile,"$56,995"
1970,Plymouth,"$156,995"
1970,Plymouth,"$109,995"
1970,Pontiac,"$53,995"
1970,Pontiac,"$64,995"
1970,Pontiac,"$47,995"
1970,Volkswagen,"$19,995"
1970,Volkswagen,"$26,995"
1971,AMC,"$47,995"
1971,Buick,"$33,995"
1971,Buick,"$35,995"
1971,Cadillac,"$48,995"
1971,Chevrolet,"$119,995"
1971,Chevrolet,"$74,995"
1971,Chevrolet,"$36,995"
1971,Chevrolet,"$47,995"
1971,Chevrolet,"$54,995"
1971,Chevrolet,"$39,995"
1971,Chevrolet,"$46,995"
1971,Chevrolet,"$37,995"
1971,Chevrolet,"$41,995"
1971,Chevrolet,"$49,995"
1971,Chevrolet,"$43,995"
1971,Chevrolet,"$52,995"
1971,Chevrolet,"$50,995"
1971,Chevrolet,"$62,995"
1971,Chevrolet,"$47,995"
1971,Chevrolet,"$41,995"
1971,Chevrolet,"$44,995"
1971,Chevrolet,"$41,995"
1971,Datsun,"$21,995"
1971,Dodge,"$54,995"
1971,Dodge,"$92,995"
1971,Ford,"$25,995"
1971,GMC,"$68,995"
1971,GMC,"$34,995"
1971,International,"$47,995"
1971,Oldsmobile,"$57,995"
1971,Plymouth,"$62,995"
1971,Plymouth,"$82,995"
1971,Toyota,"$37,995"
1971,Volkswagen,"$22,995"
1971,Volkswagen,"$16,995"
1971,Volkswagen,"$25,995"
1971,Volkswagen,"$16,995"
1971,Volkswagen,"$11,995"
1972,Buick,"$46,995"
1972,Buick,"$42,995"
1972,Cadillac,"$24,995"
1972,Chevrolet,"$44,995"
1972,Chevrolet,"$39,995"
1972,Chevrolet,"$42,995"
1972,Chevrolet,"$53,995"
1972,Chevrolet,"$43,995"
1972,Chevrolet,"$36,995"
1972,Chevrolet,"$43,995"
1972,Chevrolet,"$21,995"
1972,Chevrolet,"$32,995"
1972,Chevrolet,"$52,995"
1972,Chevrolet,"$37,995"
1972,Chevrolet,"$59,995"
1972,Chevrolet,"$79,995"
1972,Chevrolet,"$42,995"
1972,Chevrolet,"$47,995"
1972,Chevrolet,"$48,995"
1972,Chevrolet,"$49,995"
1972,Chevrolet,"$46,995"
1972,Chevrolet,"$49,995"
1972,Chevrolet,"$49,995"
1972,Chevrolet,"$35,995"
1972,Chevrolet,"$41,995"
1972,Chevrolet,"$41,995"
1972,Chevrolet,"$39,995"
1972,Chevrolet,"$40,995"
1972,Chevrolet,"$38,995"
1972,Chevrolet,"$22,995"
1972,Chevrolet,"$36,995"
1972,Chevrolet,"$37,995"
1972,Chevrolet,"$29,995"
1972,Chevrolet,"$45,995"
1972,Chevrolet,"$42,995"
1972,Chevrolet,"$59,995"
1972,Chevrolet,"$57,995"
1972,Chevrolet,"$61,995"
1972,Chevrolet,"$42,995"
1972,Chevrolet,"$43,995"
1972,Chevrolet,"$45,995"
1972,Chevrolet,"$43,995"
1972,Chevrolet,"$34,995"
1972,Dodge,"$51,995"
1972,Dodge,"$127,995"
1972,Ford,"$49,995"
1972,Ford,"$13,995"
1972,Ford,"$36,995"
1972,Ford,"$18,995"
1972,Ford,"$25,995"
1972,GMC,"$36,995"
1972,GMC,"$22,995"
1972,Jeep,"$37,995"
1972,Mercedes-Benz,"$24,995"
1972,Oldsmobile,"$44,995"
1972,Plymouth,"$84,995"
1972,Volkswagen,"$12,995"
1972,Volkswagen,"$21,995"
1972,Volkswagen,"$49,995"
1972,Volkswagen,"$37,995"
1973,Cadillac,"$33,995"
1973,Chevrolet,"$42,995"
1973,Chevrolet,"$60,995"
1973,Chevrolet,"$38,995"
1973,Chevrolet,"$37,995"
1973,Chevrolet,"$53,995"
1973,Chevrolet,"$44,995"
1973,Chevrolet,"$34,995"
1973,Chevrolet,"$37,995"
1973,Chevrolet,"$29,995"
1973,Chevrolet,"$28,995"
1973,Chevrolet,"$36,995"
1973,Chevrolet,"$30,995"
1973,Chevrolet,"$32,995"
1973,Chevrolet,"$47,995"
1973,Chevrolet,"$31,995"
1973,Chevrolet,"$34,995"
1973,Chevrolet,"$26,995"
1973,Ford,"$58,995"
1973,Ford,"$20,995"
1973,Ford,"$28,995"
1973,Ford,"$31,995"
1973,Ford,"$29,995"
1973,Ford,"$36,995"
1973,Ford,"$22,995"
1973,GMC,"$39,995"
1973,GMC,"$39,995"
1973,Porsche,"$37,995"
1973,Triumph,"$14,995"
1973,Volkswagen,"$26,995"
1973,Volkswagen,"$22,995"
1973,Volkswagen,"$19,995"
1973,Volkswagen,"$34,995"
1974,BMW,"$59,995"
1974,Chevrolet,"$26,995"
1974,Chevrolet,"$24,995"
1974,Chevrolet,"$27,995"
1974,Chevrolet,"$38,995"
1974,Chevrolet,"$26,995"
1974,Chevrolet,"$39,995"
1974,Chevrolet,"$27,995"
1974,Chevrolet,"$27,995"
1974,Chevrolet,"$32,995"
1974,Dodge,"$89,995"
1974,Dodge,"$27,995"
1974,International,"$29,995"
1974,Lincoln,"$24,995"
1974,Plymouth,"$39,995"
1974,Pontiac,"$87,995"
1974,Pontiac,"$11,995"
1974,Volkswagen,"$20,995"
1974,Volkswagen,"$16,995"
1974,Volkswagen,"$34,995"
1974,Volkswagen,"$23,995"
1975,Chevrolet,"$19,995"
1975,Porsche,"$22,995"
1975,Triumph,"$23,995"
1976,Alfa Romeo,"$12,995"
1976,Chevrolet,"$46,995"
1976,Chevrolet,"$19,995"
1976,Chevrolet,"$44,995"
1976,Dodge,"$19,995"
1976,Ford,"$34,995"
1976,Ford,"$24,995"
1976,GMC,"$58,995"
1976,GMC,"$32,995"
1976,GMC,"$27,995"
1976,Jeep,"$32,995"
1976,Lincoln,"$22,995"
1976,Mercedes-Benz,"$16,995"
1976,MG,"$18,995"
1976,MG,"$16,995"
1976,Pontiac,"$23,995"
1976,Toyota,"$49,995"
1976,Toyota,"$99,995"
1977,Cadillac,"$16,995"
1977,Cadillac,"$24,995"
1977,Chevrolet,"$25,995"
1977,Chevrolet,"$34,995"
1977,Chevrolet,"$14,995"
1977,Chevrolet,"$37,995"
1977,Chevrolet,"$28,995"
1977,Chevrolet,"$29,995"
1977,Dodge,"$25,995"
1977,Ford,"$73,995"
1977,Ford,"$33,995"
1977,Ford,"$45,995"
1977,Ford,"$22,995"
1977,GMC,"$83,995"
1977,International,"$53,995"
1977,Jeep,"$16,995"
1977,Jeep,"$29,995"
1977,Jeep,"$33,995"
1977,Jeep,"$41,995"
1977,MG,"$14,995"
1977,Toyota,"$59,995"
1977,Toyota,"$42,995"
1977,Triumph,"$25,995"
1977,Volkswagen,"$14,995"
1978,AMC,"$22,995"
1978,Buick,"$14,995"
1978,Cadillac,"$27,995"
1978,Cadillac,"$20,995"
1978,Cadillac,"$15,995"
1978,Chevrolet,"$26,995"
1978,Chevrolet,"$34,995"
1978,Chevrolet,"$24,995"
1978,Chevrolet,"$17,995"
1978,Chevrolet,"$42,995"
1978,Chevrolet,"$36,995"
1978,Chevrolet,"$44,995"
1978,Chevrolet,"$24,995"
1978,Chevrolet,"$63,995"
1978,Chevrolet,"$47,995"
1978,Datsun,"$32,995"
1978,Ford,"$37,995"
1978,Ford,"$27,995"
1978,Ford,"$27,995"
1978,Ford,"$44,995"
1978,Ford,"$23,995"
1978,Ford,"$37,995"
1978,Ford,"$14,995"
1978,Jeep,"$28,995"
1978,Jeep,"$39,995"
1978,Lincoln,"$12,995"
1978,Lincoln,"$19,995"
1978,Lincoln,"$25,995"
1978,Pontiac,"$46,995"
1978,Pontiac,"$39,995"
1978,Pontiac,"$34,995"
1978,Pontiac,"$25,995"
1978,Toyota,"$67,995"
1979,Chevrolet,"$41,995"
1979,Chevrolet,"$26,995"
1979,Chevrolet,"$29,995"
1979,Chevrolet,"$32,995"
1979,Chevrolet,"$16,995"
1979,Chevrolet,"$59,995"
1979,Datsun,"$18,995"
1979,Datsun,"$30,995"
1979,Datsun,"$16,995"
1979,Ford,"$45,995"
1979,Ford,"$27,995"
1979,Ford,"$44,995"
1979,Ford,"$23,995"
1979,GMC,"$17,995"
1979,Jeep,"$18,995"
1979,Jeep,"$26,995"
1979,Lincoln,"$14,995"
1979,Lincoln,"$18,995"
1979,Lincoln,"$19,995"
1979,Mercedes-Benz,"$19,995"
1979,Mercedes-Benz,"$21,995"
1979,Oldsmobile,"$18,995"
1979,Pontiac,"$49,995"
1979,Triumph,"$19,995"
1979,Volkswagen,"$30,995"
1979,Volkswagen,"$33,995"
1980,Chevrolet,"$17,995"
1980,Chevrolet,"$36,995"
1980,Chevrolet,"$41,995"
1980,Datsun,"$33,995"
1980,Ford,"$25,995"
1980,International,"$34,995"
1980,Jeep,"$24,995"
1980,Jeep,"$31,995"
1980,Mercedes-Benz,"$18,995"
1980,Mercedes-Benz,"$20,995"
1980,Pontiac,"$32,995"
1980,Triumph,"$16,995"
1980,Triumph,"$21,995"
1981,BMW,"$18,995"
1981,Chevrolet,"$24,995"
1981,Chevrolet,"$31,995"
1981,Chevrolet,"$15,995"
1981,Chevrolet,"$29,995"
1981,Chevrolet,"$39,995"
1981,Chevrolet,"$19,995"
1981,Chevrolet,"$24,995"
1981,Chevrolet,"$26,995"
1981,Chevrolet,"$22,995"
1981,Jeep,"$16,995"
1981,Jeep,"$49,995"
1981,Mercedes-Benz,"$28,995"
1981,Toyota,"$54,995"
1982,Chevrolet,"$43,995"
1982,Chevrolet,"$54,995"
1982,Chevrolet,"$23,995"
1982,Chevrolet,"$33,995"
1982,Datsun,"$20,995"
1982,Jeep,"$29,995"
1982,Jeep,"$64,995"
1982,Mercedes-Benz,"$14,995"
1982,Mercedes-Benz,"$27,995"
1982,Porsche,"$20,995"
1982,Toyota,"$82,995"
1982,Zimmer,"$34,995"
1983,Chevrolet,"$36,995"
1983,Chevrolet,"$35,995"
1983,Chevrolet,"$17,995"
1983,Chevrolet,"$26,995"
1983,Ford,"$35,995"
1983,Ford,"$23,995"
1983,Jeep,"$16,995"
1983,Jeep,"$19,995"
1983,Jeep,"$39,995"
1983,Mercedes-Benz,"$19,995"
1983,Mercedes-Benz,"$31,995"
1984,Chevrolet,"$35,995"
1984,Ferrari,"$76,995"
1984,Ford,"$17,995"
1984,GMC,"$32,995"
1984,GMC,"$37,995"
1984,GMC,"$26,995"
1984,Mercedes-Benz,"$89,995"
1984,Pontiac,"$12,995"
1984,Pontiac,"$28,995"
1985,Buick,"$21,995"
1985,Chevrolet,"$46,995"
1985,Chevrolet,"$56,995"
1985,Chevrolet,"$29,995"
1985,Chevrolet,"$43,995"
1985,Chevrolet,"$28,995"
1985,Chevrolet,"$33,995"
1985,Chevrolet,"$54,995"
1985,Chevrolet,"$20,995"
1985,Chevrolet,"$17,995"
1985,Ford,"$17,995"
1985,Ford,"$23,995"
1985,GMC,"$18,995"
1985,GMC,"$29,995"
1985,GMC,"$39,995"
1985,Jeep,"$29,995"
1985,Jeep,"$29,995"
1985,Jeep,"$32,995"
1985,Jeep,"$52,995"
1985,Jeep,"$49,995"
1985,Mercedes-Benz,"$17,995"
1985,Mercedes-Benz,"$27,995"
1985,Oldsmobile,"$14,995"
1985,Pontiac,"$17,995"
1985,Toyota,"$24,995"
1985,Toyota,"$13,995"
1986,Buick,"$58,995"
1986,Chevrolet,"$32,995"
1986,Chevrolet,"$32,995"
1986,Chevrolet,"$49,995"
1986,Chevrolet,"$30,995"
1986,Chevrolet,"$22,995"
1986,Chevrolet,"$31,995"
1986,Chevrolet,"$14,995"
1986,Chevrolet,"$31,995"
1986,Chrysler,"$13,995"
1986,Dodge,"$27,995"
1986,Ford,"$24,995"
1986,Ford,"$38,995"
1986,Ford,"$29,995"
1986,Ford,"$29,995"
1986,Ford,"$17,995"
1986,Ford,"$26,995"
1986,Ford,"$17,995"
1986,GMC,"$37,995"
1986,GMC,"$8,995"
1986,GMC,"$34,995"
1986,Jeep,"$19,995"
1986,Jeep,"$27,995"
1986,Mercedes-Benz,"$31,995"
1986,Mercedes-Benz,"$27,995"
1986,Mercedes-Benz,"$21,995"
1986,Mercury,"$38,995"
1986,Nissan,"$14,995"
1986,Porsche,"$71,995"
1987,Alfa Romeo,"$18,995"
1987,Buick,"$62,995"
1987,Chevrolet,"$38,995"
1987,Chevrolet,"$38,995"
1987,Chevrolet,"$24,995"
1987,Chevrolet,"$16,995"
1987,Chevrolet,"$23,995"
1987,Chevrolet,"$14,995"
1987,Chevrolet,"$12,995"
1987,Chevrolet,"$17,995"
1987,Chevrolet,"$29,995"
1987,Chevrolet,"$21,995"
1987,Ford,"$27,995"
1987,Ford,"$20,995"
1987,Ford,"$24,995"
1987,Ford,"$34,995"
1987,GMC,"$24,995"
1987,GMC,"$23,995"
1987,Mazda,"$31,995"
1987,Mercedes-Benz,"$24,995"
1987,Zimmer,"$39,995"
1988,Alfa Romeo,"$8,995"
1988,Chevrolet,"$21,995"
1988,Chevrolet,"$19,995"
1988,Chevrolet,"$21,995"
1988,Chevrolet,"$24,995"
1988,Chevrolet,"$26,995"
1988,Chevrolet,"$24,995"
1988,Chevrolet,"$49,995"
1988,Ford,"$23,995"
1988,Ford,"$21,995"
1988,Ford,"$21,995"
1988,Ford,"$22,995"
1988,Ford,"$24,995"
1988,Ford,"$21,995"
1988,Ford,"$11,995"
1988,Jeep,"$22,995"
1988,Mercedes-Benz,"$14,995"
1988,Oldsmobile,"$10,995"
1988,Pontiac,"$23,995"
1988,Pontiac,"$21,995"
1988,Pontiac,"$26,995"
1988,Pontiac,"$26,995"
1988,Pontiac,"$46,995"
1988,Tiffany,"$34,995"
1989,Chevrolet,"$22,995"
1989,Chevrolet,"$44,995"
1989,Chevrolet,"$15,995"
1989,Chevrolet,"$19,995"
1989,Chevrolet,"$24,995"
1989,Chevrolet,"$34,995"
1989,Chevrolet,"$21,995"
1989,Chevrolet,"$25,995"
1989,Chevrolet,"$24,995"
1989,Chevrolet,"$28,995"
1989,Chevrolet,"$25,995"
1989,Ford,"$28,995"
1989,Ford,"$25,995"
1989,Ford,"$33,995"
1989,Ford,"$16,995"
1989,Ford,"$28,995"
1989,Ford,"$21,995"
1989,Ford,"$27,995"
1989,Ford,"$27,995"
1989,Ford,"$19,995"
1989,Ford,"$29,995"
1989,Ford,"$22,995"
1989,Ford,"$11,995"
1989,Ford,"$22,995"
1989,GMC,"$29,995"
1989,GMC,"$12,995"
1989,Jeep,"$17,995"
1989,Jeep,"$25,995"
1989,Jeep,"$22,995"
1989,Mazda,"$19,995"
1989,Mercedes-Benz,"$28,995"
1989,Mercedes-Benz,"$22,995"
1989,Mercedes-Benz,"$24,995"
1989,Pontiac,"$24,995"
1990,Chevrolet,"$44,995"
1990,Chevrolet,"$41,995"
1990,Chevrolet,"$26,995"
1990,Chevrolet,"$49,995"
1990,Chevrolet,"$27,995"
1990,Chevrolet,"$21,995"
1990,Chevrolet,"$19,995"
1990,Chevrolet,"$30,995"
1990,Chevrolet,"$24,995"
1990,Ford,"$58,995"
1990,Ford,"$25,995"
1990,Ford,"$19,995"
1990,Ford,"$19,995"
1990,GMC,"$29,995"
1990,GMC,"$29,995"
1990,Nissan,"$34,995"
1991,Chevrolet,"$32,995"
1991,Chevrolet,"$18,995"
1991,Chevrolet,"$24,995"
1991,Chevrolet,"$25,995"
1991,Ford,"$14,995"
1991,Jeep,"$66,995"
1991,Mazda,"$11,995"
1991,Pontiac,"$29,995"
1992,Cadillac,"$15,995"
1992,Chevrolet,"$22,995"
1992,Chevrolet,"$13,995"
1992,Chevrolet,"$28,995"
1992,Chevrolet,"$14,995"
1992,Citroen,"$18,995"
1992,Ford,"$28,995"
1992,Ford,"$23,995"
1992,Ford,"$21,995"
1992,GMC,"$29,995"
1992,Volkswagen,"$48,995"
1993,Cadillac,"$16,995"
1993,Chevrolet,"$29,995"
1993,Chevrolet,"$24,995"
1993,Chevrolet,"$26,995"
1993,Chevrolet,"$26,995"
1993,Dodge,"$38,995"
1993,Ford,"$21,995"
1993,Ford,"$34,995"
1993,Ford,"$19,995"
1993,Ford,"$23,995"
1993,Jeep,"$29,995"
1993,Mercedes-Benz,"$10,995"
1993,Mercedes-Benz,"$84,995"
1993,Mercury,"$14,995"
1993,Pontiac,"$14,995"
1994,Chevrolet,"$24,995"
1994,Chevrolet,"$23,995"
1994,Chevrolet,"$23,995"
1994,Chevrolet,"$27,995"
1994,Chevrolet,"$22,995"
1994,Chevrolet,"$13,995"
1994,Chevrolet,"$15,995"
1994,Ford,"$39,995"
1994,Ford,"$38,995"
1994,Ford,"$25,995"
1994,Ford,"$19,995"
1994,Ford,"$28,995"
1994,Ford,"$19,995"
1994,Ford,"$24,995"
1994,Ford,"$22,995"
1994,Ford,"$32,995"
1994,Ford,"$18,995"
1994,Ford,"$19,995"
1994,GMC,"$16,995"
1994,Jeep,"$19,995"
1994,Nissan,"$12,995"
1994,Pontiac,"$19,995"
1994,Rover,"$27,995"
1995,AM General,"$99,995"
1995,BMW,"$19,995"
1995,Chevrolet,"$23,995"
1995,Chevrolet,"$26,995"
1995,Chevrolet,"$22,995"
1995,Chevrolet,"$24,995"
1995,Chevrolet,"$17,995"
1995,Chevrolet,"$20,995"
1995,Chevrolet,"$26,995"
1995,Chevrolet,"$21,995"
1995,Chevrolet,"$13,995"
1995,Chevrolet,"$14,995"
1995,Chevrolet,"$15,995"
1995,Chevrolet,"$17,995"
1995,Chevrolet,"$19,995"
1995,Dodge,"$19,995"
1995,Dodge,"$39,995"
1995,Ford,"$26,995"
1995,Ford,"$12,995"
1995,GMC,"$26,995"
1995,Honda,"$16,995"
1995,Jaguar,"$19,995"
1995,Mercedes-Benz,"$39,995"
1995,Mitsubishi,"$19,995"
1995,Porsche,"$23,995"
1996,Chevrolet,"$15,995"
1996,Chevrolet,"$27,995"
1996,Chevrolet,"$22,995"
1996,Chevrolet,"$25,995"
1996,Chevrolet,"$19,995"
1996,Chevrolet,"$18,995"
1996,Chevrolet,"$19,995"
1996,Chevrolet,"$27,995"
1996,Chevrolet,"$33,995"
1996,Chevrolet,"$34,995"
1996,Dodge,"$27,995"
1996,Dodge,"$89,995"
1996,Ford,"$32,995"
1996,Ford,"$19,995"
1996,Ford,"$18,995"
1996,Ford,"$27,995"
1996,Ford,"$19,995"
1996,GMC,"$27,995"
1996,GMC,"$17,995"
1996,GMC,"$22,995"
1996,Lincoln,"$9,995"
1996,Mazda,"$12,995"
1996,Pontiac,"$21,995"
1996,Pontiac,"$31,995"
1997,BMW,"$16,995"
1997,Cadillac,"$17,995"
1997,Chevrolet,"$15,995"
1997,Chevrolet,"$24,995"
1997,Chevrolet,"$19,995"
1997,Chevrolet,"$23,995"
1997,Chevrolet,"$25,995"
1997,Chevrolet,"$16,995"
1997,Chevrolet,"$17,995"
1997,Chevrolet,"$16,995"
1997,Chevrolet,"$19,995"
1997,Ford,"$26,995"
1997,GMC,"$19,995"
1997,Jaguar,"$22,995"
1997,Jeep,"$24,995"
1997,Jeep,"$23,995"
1997,Land Rover,"$112,995"
1997,Lexus,"$47,995"
1997,Mercedes-Benz,"$14,995"
1997,Pontiac,"$18,995"
1998,Cadillac,"$9,995"
1998,Chevrolet,"$18,995"
1998,Chevrolet,"$26,995"
1998,Chevrolet,"$23,995"
1998,Chevrolet,"$14,995"
1998,Chevrolet,"$23,995"
1998,Ford,"$12,995"
1998,Ford,"$27,995"
1998,GMC,"$26,995"
1998,GMC,"$49,995"
1998,Jeep,"$17,995"
1998,Jeep,"$32,995"
1998,Lincoln,"$14,995"
1999,Chevrolet,"$19,995"
1999,Chevrolet,"$24,995"
1999,Chevrolet,"$28,995"
1999,Chevrolet,"$34,995"
1999,Dodge,"$61,995"
1999,Ford,"$82,995"
1999,Ford,"$14,995"
1999,GMC,"$25,995"
1999,Jeep,"$16,995"
1999,Plymouth,"$35,995"
1999,Pontiac,"$23,995"
1999,Pontiac,"$31,995"
1999,Pontiac,"$17,995"
1999,Porsche,"$45,995"
1999,Porsche,"$15,995"
2000,Chevrolet,"$23,995"
2000,Chevrolet,"$29,995"
2000,Chevrolet,"$26,995"
2000,Chevrolet,"$27,995"
2000,Dodge,"$89,995"
2000,Ford,"$12,995"
2000,Ford,"$25,995"
2000,Mercury,"$7,995"
2000,Plymouth,"$76,995"
2000,Pontiac,"$31,995"
2001,Cadillac,"$12,995"
2001,Chevrolet,"$34,995"
2001,Chevrolet,"$9,995"
2001,Chevrolet,"$25,995"
2001,Chevrolet,"$21,995"
2001,Chevrolet,"$28,995"
2001,Chevrolet,"$25,995"
2001,Chevrolet,"$14,995"
2001,Diva,"$21,995"
2001,Ford,"$21,995"
2001,Plymouth,"$39,995"
2001,Plymouth,"$32,995"
2002,Cadillac,"$7,995"
2002,Chevrolet,"$26,995"
2002,Chevrolet,"$34,995"
2002,Chevrolet,"$22,995"
2002,Chevrolet,"$26,995"
2002,Chevrolet,"$21,995"
2002,Chevrolet,"$34,995"
2002,Chevrolet,"$9,995"
2002,Chrysler,"$48,995"
2002,Ford,"$36,995"
2002,Ford,"$24,995"
2002,Ford,"$29,995"
2002,Ford,"$27,995"
2002,Lexus,"$27,995"
2002,Pontiac,"$28,995"
2002,Pontiac,"$21,995"
2002,Pontiac,"$32,995"
2002,Pontiac,"$29,995"
2002,Porsche,"$59,995"
2002,Toyota,"$31,995"
2003,Chevrolet,"$28,995"
2003,Chevrolet,"$44,995"
2003,Chevrolet,"$32,995"
2003,Chevrolet,"$15,995"
2003,Ford,"$30,995"
2003,Ford,"$31,995"
2003,Mercedes-Benz,"$17,995"
2003,Mercury,"$17,995"
2004,AM General,"$37,995"
2004,BMW,"$37,995"
2004,Cadillac,"$32,995"
2004,Chevrolet,"$32,995"
2004,Chevrolet,"$27,995"
2004,Chevrolet,"$34,995"
2004,Chevrolet,"$29,995"
2004,Chevrolet,"$24,995"
2004,Chevrolet,"$33,995"
2004,Dodge,"$39,995"
2004,Ford,"$31,995"
2004,Ford,"$18,995"
2004,Ford,"$25,995"
2004,GMC,"$29,995"
2004,Mercury,"$25,995"
2005,AM General,"$68,995"
2005,Cadillac,"$20,995"
2005,Chrysler,"$13,995"
2005,Ford,"$27,995"
2005,Ford,"$22,995"
2005,Ford,"$13,995"
2005,Ford,"$22,995"
2005,Maserati,"$26,995"
2006,Cadillac,"$24,995"
2006,Cadillac,"$45,995"
2006,Chevrolet,"$25,995"
2006,Chevrolet,"$49,995"
2006,Chevrolet,"$29,995"
2006,Chevrolet,"$49,995"
2006,Ford,"$24,995"
2006,Ford,"$44,995"
2006,Hummer,"$26,995"
2006,Pontiac,"$43,995"
2006,Pontiac,"$78,995"
2007,Bentley,"$54,995"
2007,Ford,"$22,995"
2007,Ford,"$21,995"
2007,Ford,"$22,995"
2007,Ford,"$58,995"
2007,Ford,"$31,995"
2007,Mercedes-Benz,"$38,995"
2008,Ford,"$19,995"
2008,Ford,"$19,995"
2008,Ford,"$42,995"
2008,Ford,"$69,995"
2008,Ford,"$37,995"
2008,Ford,"$36,995"
2008,Ford,"$37,995"
2009,Chevrolet,"$22,995"
2009,Dodge,"$46,995"
2009,Dodge,"$47,995"
2009,Ford,"$11,995"
2009,Ford,"$34,995"
2009,Ford,"$74,995"
2009,Ford,"$43,995"
2009,GMC,"$47,995"
2009,Nissan,"$29,995"
2010,Bentley,"$84,995"
2010,Chevrolet,"$41,995"
2010,Chevrolet,"$61,995"
2010,Ford,"$23,995"
2011,Bentley,"$72,995"
2011,Ford,"$15,995"
2012,Audi,"$149,995"
2012,Dodge,"$44,995"
2012,Ford,"$31,995"
2012,Mini,"$18,995"
2013,Ford,"$34,995"
2013,Porsche,"$49,995"
2013,Toyota,"$47,995"
2014,Chevrolet,"$26,995"
2014,Ford,"$24,995"
2014,Ford,"$33,995"
2014,Ford,"$57,995"
2014,Toyota,"$46,995"
2015,Chevrolet,"$56,995"
2015,GMC,"$36,995"
2015,Jeep,"$37,995"
2015,Mercedes-Benz,"$38,995"
2016,Chevrolet,"$34,995"
2016,Ford,"$74,995"
2016,Porsche,"$159,995"
2017,Cadillac,"$70,995"
2018,JPS Motorsports,"$49,995"
2019,Chevrolet,"$74,995"
2019,Dodge,"$48,995"
2020,Dodge,"$64,995"
